,City,Cloudiness,Country,Date,Humidity,Lat,Lng,Max Temp,Wind Speed
0,Hilo,1,US,1566874320,58,19.71,-155.08,86.0,9.17
1,Barranca,0,PE,1566874595,88,-10.75,-77.76,58.21,13.51
2,Lapeer,90,US,1566874596,93,43.05,-83.32,66.99,6.93
3,Corrales,100,CO,1566874598,92,5.83,-72.84,45.61,5.06
4,Mumbwa,75,ZM,1566874599,55,-14.99,27.06,65.23,5.88
5,Victoria,75,BN,1566874130,74,5.28,115.24,84.2,6.93
6,Ushuaia,40,AR,1566874166,60,-54.81,-68.31,39.2,11.41
7,Cidreira,100,BR,1566874361,90,-30.17,-50.22,61.63,6.46
8,Qaanaaq,100,GL,1566874604,96,77.48,-69.36,34.45,9.51
9,Playa Vicente,0,MX,1566874605,80,17.83,-95.81,79.99,2.82
10,Mahibadhoo,98,MV,1566874606,74,3.78,72.97,82.51,8.57
11,Cape Town,75,ZA,1566874163,93,-33.93,18.42,54.0,5.82
12,Bondo,100,CD,1566874609,98,3.81,23.69,66.85,0.94
13,Bredasdorp,95,ZA,1566874171,76,-34.53,20.04,51.8,10.29
14,Sao Gabriel da Cachoeira,11,BR,1566874611,72,-0.13,-67.09,77.47,2.35
15,Sao Filipe,1,CV,1566874612,81,14.9,-24.5,79.09,5.1
16,Rikitea,100,PF,1566874401,60,-23.12,-134.97,69.19,7.0
17,Castro,0,CL,1566874389,100,-42.48,-73.76,37.4,5.82
18,Hami,0,CN,1566874615,13,42.84,93.51,85.93,2.57
19,Cartagena,20,ES,1566874617,83,37.63,-1.0,75.2,4.7
20,Pedro II,5,BR,1566874618,48,-4.43,-41.45,72.79,4.16
21,Airai,76,TL,1566874219,44,-8.93,125.41,83.05,5.75
22,Bose,20,IT,1566874621,78,45.46,8.01,73.4,5.82
23,Leningradskiy,100,RU,1566874416,97,69.38,178.42,43.09,8.34
24,Hobart,40,AU,1566873865,44,-42.88,147.33,59.0,21.92
25,Mataura,100,NZ,1566874368,69,-46.19,168.86,54.0,8.01
26,Severo-Kurilsk,100,RU,1566874347,97,50.68,156.12,48.67,13.96
27,Marsa Matruh,0,EG,1566874126,94,31.35,27.25,73.4,7.61
28,The Pas,90,CA,1566874379,87,53.82,-101.24,53.6,13.87
29,Porto Belo,75,BR,1566874628,88,-27.15,-48.54,68.0,1.12
30,Redlands,1,US,1566874572,40,34.06,-117.19,90.0,7.54
31,Karak,0,JO,1566874631,63,31.18,35.7,66.2,3.33
32,East London,100,ZA,1566874600,68,-33.02,27.91,55.87,5.7
33,New Norfolk,40,AU,1566874196,44,-42.78,147.06,59.0,21.92
34,Turayf,0,SA,1566874533,39,31.68,38.65,80.6,13.87
35,Oyama,75,JP,1566874635,69,36.31,139.8,86.0,10.29
36,Souillac,0,FR,1566874637,82,45.6,-0.6,69.8,6.93
37,Xinqing,100,CN,1566874638,94,48.28,129.53,61.63,8.3
38,Codrington,40,AU,1566874639,50,-28.95,153.24,78.01,3.36
39,Povenets,59,RU,1566874640,96,62.85,34.83,47.59,8.03
40,Emporia,20,US,1566874642,94,38.4,-96.18,73.99,9.17
41,Bluff,0,AU,1566874643,30,-23.58,149.07,78.73,8.81
42,Berlevag,100,NO,1566874644,91,70.86,29.09,47.23,17.16
43,Umm Lajj,0,SA,1566874645,77,25.02,37.27,86.65,12.28
44,Nikolskoye,0,RU,1566874647,76,59.7,30.79,57.2,4.47
45,Cabo San Lucas,75,MX,1566874091,78,22.89,-109.91,86.0,12.75
46,Punta Arenas,40,CL,1566874378,71,-53.16,-70.91,32.0,20.8
47,Atuona,0,PF,1566874650,74,-9.8,-139.03,78.19,15.82
48,Tuktoyaktuk,90,CA,1566874240,87,69.44,-133.03,46.4,10.29
49,Deogarh,82,IN,1566874652,81,21.53,84.72,78.37,4.47
50,Mangrol,77,IN,1566874654,79,25.33,76.51,82.69,9.19
51,Alta Floresta,36,BR,1566874655,52,-9.87,-56.08,75.67,1.39
52,Keti Bandar,85,PK,1566874656,82,24.14,67.45,80.35,14.9
53,Espanola,100,CA,1566874657,58,46.27,-81.77,68.0,1.99
54,Xuddur,33,SO,1566874659,79,4.12,43.89,68.29,16.73
55,Kalur Kot,0,PK,1566874660,41,32.16,71.27,91.33,4.54
56,Ha Tinh,100,VN,1566874554,71,18.33,105.9,86.47,1.81
57,Hermanus,67,ZA,1566874149,98,-34.42,19.24,51.01,1.99
58,Saint-Philippe,1,CA,1566874085,93,45.36,-73.48,69.01,3.36
59,Port Moresby,40,PG,1566874664,78,-9.47,147.16,80.6,23.04
60,Kisangani,100,CD,1566874666,95,0.52,25.21,66.67,1.61
61,Dikson,100,RU,1566874667,97,73.51,80.55,40.39,10.2
62,Kapaa,20,US,1566874555,62,22.08,-159.32,89.6,17.22
63,Saskylakh,100,RU,1566874180,53,71.97,114.09,65.05,13.44
64,Tiksi,100,RU,1566873983,96,71.64,128.87,42.55,11.25
65,Vaini,40,IN,1566874382,94,15.34,74.49,69.8,3.36
66,Cherskiy,100,RU,1566874394,72,68.75,161.3,53.53,6.06
67,Mar del Plata,0,AR,1566874080,42,-46.43,-67.52,40.39,19.39
68,Butaritari,31,KI,1566874216,72,3.07,172.79,85.03,11.23
69,Moen,0,BE,1566874676,93,50.77,3.4,71.01,1.12
70,Bar Harbor,1,US,1566874677,93,44.39,-68.2,57.99,1.66
71,Eyl,93,SO,1566874679,71,7.98,49.82,74.41,27.92
72,Aleksandrov Gay,71,RU,1566874680,55,50.14,48.57,59.83,4.12
73,Paita,0,PE,1566874681,91,-5.09,-81.11,60.73,14.81
74,Port Alfred,89,ZA,1566874603,77,-33.59,26.89,61.0,5.99
75,Bathsheba,75,BB,1566874112,88,13.22,-59.52,80.6,25.28
76,Mount Isa,0,AU,1566874685,18,-20.73,139.49,71.6,18.34
77,Three Hills,20,CA,1566874686,50,51.7,-113.27,57.2,8.05
78,Baturaja,55,ID,1566874687,48,-4.12,104.17,88.09,4.63
79,Cap Malheureux,75,MU,1566874688,56,-19.98,57.61,71.01,10.29
80,Tshikapa,0,CD,1566874689,84,-6.42,20.79,69.73,2.66
81,Sweetwater,1,US,1566874691,30,32.47,-100.41,96.8,10.29
82,Pevek,85,RU,1566874175,94,69.7,170.27,40.39,4.85
83,Necochea,100,AR,1566874198,90,-38.55,-58.74,52.0,1.99
84,Tuatapere,74,NZ,1566874694,69,-46.13,167.69,54.0,8.01
85,Sao Joao da Ponte,14,BR,1566874695,72,-15.93,-44.01,64.87,12.64
86,Torbay,90,CA,1566873982,47,47.66,-52.73,57.99,5.82
87,Ixtapa,90,MX,1566874698,74,20.71,-105.21,86.0,7.81
88,Karratha,29,AU,1566874699,18,-20.74,116.85,81.97,15.01
89,Chokurdakh,100,RU,1566874172,80,70.62,147.9,42.01,6.22
90,Goderich,100,CA,1566874228,68,43.74,-81.71,70.0,27.85
91,Saint George,0,GR,1566874061,68,39.45,22.34,71.6,2.1
92,Kormilovka,75,RU,1566874704,87,55.0,74.1,57.2,15.66
93,Glendive,1,US,1566874705,71,47.11,-104.71,62.6,13.87
94,Mitsamiouli,0,KM,1566874194,72,-11.38,43.28,75.49,2.93
95,Geraldton,75,CA,1566873977,67,49.72,-86.95,62.6,12.75
96,Jasper,90,US,1566874708,100,33.83,-87.28,75.2,6.69
97,Vila Velha,75,BR,1566873985,69,-3.71,-38.6,80.6,17.22
98,Grindavik,75,IS,1566874711,100,63.84,-22.43,50.0,20.8
99,Inhambane,0,MZ,1566874712,95,-23.87,35.38,61.63,4.32
100,Mehamn,100,NO,1566874254,91,71.03,27.85,47.23,5.55
101,Jamestown,13,AU,1566874714,52,-33.21,138.6,55.69,6.31
102,Upernavik,78,GL,1566874600,67,72.79,-56.15,39.13,9.04
103,Bambous Virieux,75,MU,1566874717,56,-20.34,57.76,71.01,10.29
104,Thompson,90,CA,1566874088,93,55.74,-97.86,48.2,18.34
105,Huarmey,0,PE,1566874647,91,-10.07,-78.15,58.57,13.02
106,Hamilton,75,CA,1566874720,82,43.26,-79.87,71.6,4.7
107,Saravan,0,AM,1566874721,32,39.72,45.65,69.8,9.17
108,Smidovich,100,RU,1566874722,77,48.6,133.81,71.35,9.46
109,Albany,1,US,1566874109,82,42.65,-73.75,63.0,3.36
110,Busselton,27,AU,1566874725,38,-33.64,115.35,68.0,14.63
111,Trairi,29,BR,1566874726,89,-3.28,-39.27,72.25,5.26
112,Oktyabrskiy,40,RU,1566874727,77,55.61,37.97,64.0,6.71
113,Melfi,5,IT,1566874728,94,41.0,15.66,71.6,8.05
114,Nokia,96,FI,1566874730,94,61.48,23.51,55.0,1.77
115,Prince George,40,CA,1566874507,54,53.92,-122.75,59.0,6.93
116,Kodiak,1,US,1566874189,93,39.95,-94.76,70.0,3.36
117,Norman Wells,75,CA,1566874733,39,65.28,-126.83,66.2,5.82
118,Kinsale,75,IE,1566874734,93,51.71,-8.52,57.2,5.82
119,Vyshneve,0,UA,1566874736,93,50.39,30.37,57.2,1.81
120,Dandong,66,CN,1566874737,78,40.12,124.37,75.85,9.73
121,Gbarnga,100,LR,1566874738,99,7.0,-9.47,70.09,2.42
122,Fort-Shevchenko,0,KZ,1566874740,57,44.51,50.26,75.31,14.94
123,Ust-Ordynskiy,0,RU,1566874741,77,52.8,104.75,60.8,4.47
124,Port Hedland,26,AU,1566874742,21,-20.31,118.58,82.4,9.17
125,Rokytne,0,UA,1566874743,89,51.27,27.23,59.65,2.24
126,Umm Kaddadah,100,SD,1566874745,68,13.6,26.69,74.41,7.67
127,Shingu,75,JP,1566874242,83,33.72,135.99,78.8,4.7
128,Khatanga,100,RU,1566874747,94,71.98,102.47,55.87,5.75
129,Mackay,20,CA,1566874748,47,53.65,-115.58,59.0,9.17
130,Rock Sound,20,BS,1566874749,76,24.9,-76.2,84.67,3.85
131,Northview,40,US,1566874751,100,37.29,-93.0,75.99,4.7
132,Lae,40,PG,1566874752,62,-6.72,146.98,86.0,5.82
133,Taonan,0,CN,1566874753,43,45.34,122.78,75.99,3.0
134,Guymon,1,US,1566874754,65,36.68,-101.48,80.6,12.75
135,Nanortalik,46,GL,1566874090,75,60.14,-45.24,42.55,2.95
136,Kavaratti,90,IN,1566874757,88,10.57,72.64,78.8,17.05
137,Saint Anthony,1,US,1566874758,30,43.97,-111.68,71.6,6.93
138,Vila Franca do Campo,75,PT,1566874759,83,37.72,-25.43,71.01,3.36
139,Buchanan,75,LR,1566874761,94,5.88,-10.05,75.2,9.17
140,Yellowknife,75,CA,1566874411,66,62.45,-114.38,55.4,5.82
141,Barrow,100,AR,1566874576,85,-38.31,-60.23,52.81,6.67
142,Flagstaff,1,US,1566874638,31,35.2,-111.65,87.8,9.17
143,Port Elizabeth,1,US,1566874016,82,39.31,-74.98,69.01,5.82
144,Adre,100,TD,1566874766,85,13.47,22.2,68.65,3.47
145,Kaitangata,100,NZ,1566874767,50,-46.28,169.85,54.0,7.0
146,Rawson,0,AR,1566874769,43,-43.3,-65.11,45.79,11.18
147,Armizonskoye,100,RU,1566874770,89,55.95,67.67,47.41,14.81
148,Ilebo,55,CD,1566874771,88,-4.33,20.59,68.65,2.21
149,Avera,90,US,1566874772,88,33.19,-82.53,78.8,3.36
150,Changping,0,CN,1566874774,45,40.22,116.23,95.0,8.95
151,Puerto Ayora,22,EC,1566874598,91,-0.74,-90.35,71.01,5.01
152,Beringovskiy,100,RU,1566874776,64,63.05,179.32,54.97,10.31
153,Kenora,90,CA,1566874778,93,49.76,-94.48,60.8,4.7
154,Den Helder,0,NL,1566874779,88,52.96,4.76,71.01,5.82
155,Hithadhoo,63,MV,1566874207,75,-0.6,73.08,82.15,9.1
156,Mahebourg,75,MU,1566874209,56,-20.41,57.7,71.01,10.29
157,Mana,97,NG,1566874782,84,13.03,5.27,75.31,9.66
158,Faanui,29,PF,1566874208,70,-16.48,-151.75,78.91,9.53
159,Imeni Poliny Osipenko,100,RU,1566874600,61,52.42,136.49,70.99,4.76
160,Khash,0,IR,1566874786,16,28.22,61.21,70.27,6.33
161,Batagay-Alyta,1,RU,1566874787,51,67.8,130.41,57.31,6.04
162,Staryy Nadym,100,RU,1566874789,66,65.61,72.68,45.43,12.21
163,Sinnamary,0,GF,1566874790,77,5.38,-52.96,81.97,19.39
164,Salalah,40,OM,1566874587,88,17.01,54.1,78.8,6.73
165,Tasiilaq,76,GL,1566874792,81,65.61,-37.64,44.6,8.95
166,Lebu,100,ET,1566874223,89,8.96,38.73,55.15,2.1
167,Thibodaux,100,US,1566874794,94,29.8,-90.82,84.2,4.7
168,Aswan,0,EG,1566874341,28,24.09,32.9,84.2,4.7
169,Vao,84,EE,1566874797,95,59.1,26.19,57.85,3.38
170,Magaria,0,NE,1566874798,73,13.0,8.91,76.57,7.87
171,Avarua,66,CK,1566874577,78,-21.21,-159.78,71.6,10.29
172,Mayo,40,CA,1566874800,58,63.59,-135.9,59.0,6.93
173,Vychegodskiy,100,RU,1566874802,95,61.25,46.88,51.73,8.21
174,Georgetown,20,GY,1566874413,94,6.8,-58.16,73.4,2.24
175,Pimenteiras,0,BR,1566874813,59,-6.24,-41.42,71.17,8.28
176,Guaruja,20,BR,1566874743,82,-23.99,-46.26,60.8,3.36
177,Togur,84,RU,1566874816,56,58.36,82.83,66.85,15.77
178,Belmonte,0,PT,1566874817,71,40.36,-7.35,66.0,1.81
179,Bilma,0,NE,1566874818,48,18.69,12.92,85.75,5.79
180,Pacific Grove,1,US,1566874819,56,36.62,-121.92,77.0,9.17
181,Pisco,40,PE,1566874287,82,-13.71,-76.2,59.0,11.41
182,Killarney,42,AU,1566874822,51,-28.34,152.3,64.0,1.99
183,Mvuma,0,ZW,1566874823,73,-19.28,30.53,57.85,9.13
184,Ancud,0,CL,1566874825,100,-41.87,-73.83,37.4,5.82
185,Isangel,75,VU,1566874826,65,-19.55,169.27,80.6,5.82
186,Smithers,90,CA,1566874351,71,54.78,-127.17,57.2,2.24
187,Port Blair,100,IN,1566874241,82,11.67,92.75,82.33,19.93
188,Khiri Mat,75,TH,1566874830,94,16.83,99.8,87.01,3.36
189,Kahului,40,US,1566874831,66,20.89,-156.47,87.8,13.87
190,Fallingbostel,0,DE,1566874832,77,52.87,9.7,68.0,2.24
191,Alofi,90,NU,1566874833,83,-19.06,-169.92,73.4,17.22
192,Sayyan,64,YE,1566874835,68,15.17,44.32,72.25,1.1
193,Grand Gaube,75,MU,1566874185,56,-20.01,57.66,71.01,10.29
194,Jalu,0,LY,1566874837,52,29.03,21.55,77.47,7.52
195,Provideniya,90,RU,1566874247,93,64.42,-173.23,53.6,13.42
196,Ambon,0,FR,1566874839,88,47.55,-2.56,64.99,11.41
197,Aklavik,90,CA,1566874841,54,68.22,-135.01,57.2,6.93
198,Mecca,0,SA,1566874574,60,21.43,39.83,81.25,4.74
199,Chuy,100,UY,1566874360,96,-33.69,-53.46,57.13,4.54
200,Half Moon Bay,5,US,1566874594,56,37.46,-122.43,75.0,6.93
201,Denton,5,US,1566874846,46,33.22,-97.13,93.99,16.11
202,Mareeba,13,AU,1566874847,42,-16.99,145.42,82.4,14.99
203,Koutiala,30,ML,1566874848,92,12.39,-5.46,72.25,8.14
204,Flin Flon,100,CA,1566874850,82,54.77,-101.88,51.37,11.21
205,Bafra,40,TR,1566874851,88,41.57,35.91,68.0,2.24
206,The Valley,20,AI,1566874852,74,18.22,-63.06,84.2,11.41
207,Mwingi,100,KE,1566874854,74,-0.93,38.07,65.05,7.85
208,Bethel,90,US,1566874735,67,60.79,-161.76,59.0,11.41
209,Mincivan,25,AZ,1566874856,54,39.03,46.72,59.47,2.48
210,Madaoua,1,NE,1566874857,71,14.07,5.96,79.09,8.63
211,Vostok,81,RU,1566874639,45,46.45,135.83,77.11,3.89
212,Port Macquarie,40,AU,1566874860,68,-31.43,152.91,73.0,8.05
213,Talnakh,75,RU,1566874583,93,69.49,88.39,48.2,11.18
214,Kupang,0,ID,1566874863,74,-10.16,123.6,74.95,12.03
215,Lata,68,IN,1566874864,75,30.78,78.62,50.11,4.38
216,Fairbanks,1,US,1566874720,45,64.84,-147.72,62.6,6.93
217,Banda Aceh,97,ID,1566874402,75,5.56,95.32,83.23,12.46
218,Sechura,0,PE,1566874725,89,-5.56,-80.82,60.91,9.6
219,Royal Palm Beach,1,US,1566874869,88,26.71,-80.23,84.0,0.63
220,Vardo,75,US,1566874871,88,39.62,-77.74,68.0,6.64
221,San Pedro,0,AR,1566874668,66,-33.68,-59.66,60.01,5.64
222,Paamiut,97,GL,1566874660,87,61.99,-49.67,42.19,8.68
223,Raymond,20,CA,1566874743,54,49.47,-112.67,59.0,3.36
224,Ketchikan,90,US,1566874876,100,55.34,-131.65,57.2,20.8
225,Takoradi,100,GH,1566874877,95,4.89,-1.75,72.07,3.22
226,Hoquiam,1,US,1566874616,56,46.98,-123.89,71.6,5.82
227,Lourdes,20,SV,1566874880,88,13.73,-89.37,82.4,3.36
228,Marsh Harbour,58,BS,1566874881,75,26.54,-77.06,84.31,7.29
229,Ferrandina,5,IT,1566874882,94,40.5,16.45,78.01,2.24
230,Tahoua,79,NE,1566874884,68,14.89,5.26,80.71,9.64
231,Dwarka,20,IN,1566874885,74,28.58,77.04,87.8,4.7
232,Malanje,0,AO,1566874886,91,-9.54,16.35,59.47,3.96
233,Sugar Hill,90,US,1566874807,83,34.11,-84.03,75.2,8.28
234,Tokmak,20,UA,1566874889,52,47.26,35.7,62.17,8.3
235,Port-Gentil,96,GA,1566874890,89,-0.72,8.78,73.69,9.69
236,Tsabong,0,BW,1566874891,18,-26.02,22.4,59.47,10.04
237,Yar-Sale,100,RU,1566874892,67,66.83,70.83,43.63,8.39
238,Koslan,100,RU,1566874894,99,63.46,48.9,49.03,2.3
239,Waingapu,39,ID,1566874711,53,-9.65,120.26,81.43,13.6
240,Saldanha,0,PT,1566874896,74,41.42,-6.55,64.69,1.7
241,Svetlaya,0,RU,1566874847,45,46.54,138.33,73.33,7.67
242,Mahajanga,0,MG,1566874898,68,-15.72,46.32,69.8,4.7
243,Plettenberg Bay,9,ZA,1566874900,74,-34.05,23.37,48.13,6.55
244,Benalla,0,AU,1566874839,58,-36.55,145.99,61.0,4.7
245,Saint-Augustin,20,CA,1566874902,87,45.63,-73.98,69.01,2.24
246,Okhotsk,100,RU,1566874904,83,59.36,143.24,56.23,5.82
247,Bukachacha,100,RU,1566874905,91,52.99,116.91,56.41,10.56
248,Kargasok,91,RU,1566874906,81,59.06,80.87,61.09,10.07
249,Qasigiannguit,4,GL,1566874616,45,68.82,-51.19,42.8,10.29
250,Severobaykalsk,99,RU,1566874909,87,55.65,109.32,50.47,7.99
251,Ahipara,55,NZ,1566874910,91,-35.17,173.16,61.0,14.12
252,Nkoteng,100,CM,1566874911,95,4.5,12.12,67.39,4.99
253,Horta,40,BR,1566874913,73,-10.93,-37.66,77.0,12.75
254,Tortel,90,HU,1566874914,88,47.12,19.94,69.8,6.93
255,Narsaq,75,GL,1566874331,56,60.91,-46.05,44.6,5.82
256,Jutai,4,BR,1566874917,99,-1.71,-47.89,71.35,3.4
257,Dese,0,IT,1566874918,83,45.53,12.3,73.0,4.7
258,Shimoda,75,JP,1566874919,78,34.7,138.93,80.6,9.17
259,Matara,2,BI,1566874921,76,-3.48,29.48,51.37,1.5
260,Ilulissat,1,GL,1566874922,45,69.22,-51.1,42.8,10.29
261,Halifax,90,CA,1566874672,82,44.65,-63.58,59.0,9.17
262,Yerbogachen,29,RU,1566874925,56,61.28,108.01,62.17,11.23
263,Resistencia,0,AR,1566874926,100,-27.45,-58.99,64.4,5.82
264,Charters Towers,0,AU,1566874927,28,-20.07,146.27,79.45,8.99
265,Talara,1,PE,1566874840,91,-4.58,-81.27,61.99,17.54
266,Lynden,1,US,1566874930,72,48.95,-122.46,71.6,1.81
267,Saint-Louis,98,SN,1566874931,86,16.03,-16.5,78.19,10.29
268,Camacha,20,PT,1566874932,60,33.08,-16.33,71.6,10.29
269,Isla Vista,1,US,1566874934,60,34.41,-119.86,78.01,5.82
270,Achalpur,100,IN,1566874935,98,21.25,77.51,69.01,3.71
271,Ponta do Sol,90,BR,1566874936,64,-20.63,-46.0,61.45,7.18
272,Lompoc,90,US,1566874885,100,34.64,-120.46,69.8,11.32
273,Longyearbyen,20,NO,1566874938,69,78.22,15.63,37.4,19.46
274,Warrington,84,GB,1566874940,93,53.39,-2.59,64.0,1.12
275,Aitape,22,PG,1566874849,59,-3.15,142.36,85.03,8.28
276,Ripiceni,0,MD,1566874942,74,47.95,27.14,64.0,2.42
277,Erzin,40,TR,1566874673,94,36.95,36.2,80.01,4.7
278,Beira,90,ES,1566874945,88,43.2,-8.36,66.99,1.12
279,Abancay,0,PE,1566874946,91,-13.64,-72.88,46.33,3.42
280,Anzio,0,IT,1566874947,83,41.45,12.63,73.0,3.36
281,Namibe,0,AO,1566874948,86,-15.19,12.15,66.31,9.89
282,Coihaique,0,CL,1566874950,64,-45.58,-72.07,37.4,3.36
283,Coffs Harbour,40,AU,1566874951,64,-30.3,153.13,73.4,14.99
284,Port Hardy,40,CA,1566874806,72,50.7,-127.42,60.8,3.36
285,Rantepao,92,ID,1566874741,62,-2.97,119.9,71.35,3.98
286,Moose Factory,40,CA,1566874955,60,51.26,-80.61,69.8,8.05
287,Seoul,40,KR,1566874086,73,37.57,126.98,80.6,2.24
288,Champerico,90,MX,1566874687,94,16.38,-93.6,69.8,9.17
289,Gualeguay,0,AR,1566874958,97,-33.15,-59.31,58.39,5.77
290,Ust-Kuyga,88,RU,1566874860,72,70.0,135.55,50.83,4.09
291,Yablonovo,0,RU,1566874960,66,50.85,37.36,55.4,2.24
292,Hingoli,100,IN,1566874962,91,19.72,77.14,69.91,12.84
293,Doha,0,QA,1566874807,70,25.29,51.53,91.4,2.24
294,North Bend,1,US,1566874964,72,43.41,-124.22,80.01,4.7
295,Chanasma,42,IN,1566874966,73,23.72,72.11,82.69,10.02
296,Athabasca,31,CA,1566874967,92,54.72,-113.29,49.21,5.5
297,Dingle,100,PH,1566874968,93,11.0,122.67,75.85,4.81
298,Riberalta,76,BO,1566874969,92,-11.0,-66.08,71.89,1.07
299,Chernyshevskiy,100,RU,1566874971,94,63.01,112.47,56.41,5.32
300,Gazojak,0,TM,1566874972,30,41.19,61.4,78.37,15.84
301,Padre Paraiso,64,BR,1566874973,94,-17.07,-41.48,59.47,7.63
302,Esperance,100,AU,1566874975,54,-33.86,121.89,59.0,17.22
303,Alcudia,0,ES,1566874976,69,39.85,3.12,78.01,8.05
304,Khilok,100,RU,1566874977,92,51.36,110.46,52.99,10.92
305,Kavieng,29,PG,1566874978,71,-2.57,150.8,83.77,10.29
306,Lima,90,PE,1566874691,87,-12.06,-77.04,59.0,10.29
307,Auki,89,NG,1566874981,87,12.18,6.51,72.07,6.96
308,Ust-Kulom,100,RU,1566874982,95,61.69,53.69,44.17,10.22
309,Kilindoni,26,TZ,1566874983,76,-7.91,39.67,76.57,8.75
310,Kamphaeng Phet,56,TH,1566874985,81,16.47,99.53,81.97,6.29
311,College,1,US,1566874986,45,64.86,-147.8,64.4,6.93
312,Klaksvik,43,FO,1566874987,93,62.23,-6.59,51.8,11.41
313,Klooga,20,EE,1566874988,100,59.32,24.25,62.01,2.24
314,Mount Gambier,0,AU,1566874690,67,-37.83,140.78,57.2,11.41
315,Visby,0,SE,1566874991,100,57.64,18.3,55.99,3.36
316,Pueblo,1,US,1566874839,34,38.25,-104.61,78.8,12.75
317,Aksu,90,KZ,1566874993,63,52.04,76.93,66.2,6.71
318,Mackenzie,1,CA,1566874994,51,55.34,-123.09,60.8,6.93
319,Arica,90,CL,1566874996,72,-18.48,-70.32,60.8,1.12
320,Luderitz,0,NA,1566874997,58,-26.65,15.16,55.4,14.99
321,Hobyo,98,SO,1566874998,71,5.35,48.53,75.67,19.51
322,Mollendo,73,PE,1566874999,81,-17.03,-72.02,57.85,6.15
323,Biak,94,ID,1566875001,82,-0.91,122.88,67.57,5.73
324,Kangaatsiaq,100,GL,1566875002,64,68.31,-53.46,42.55,13.13
325,Saint Paul,75,US,1566875003,93,44.95,-93.1,66.2,6.93
326,Morro Bay,90,US,1566875005,100,35.37,-120.85,82.0,4.56
327,Hasaki,75,JP,1566874909,88,35.73,140.83,84.99,9.17
328,Rio Branco do Sul,90,BR,1566875007,100,-25.19,-49.31,55.99,8.05
329,Dolores,2,UY,1566875008,93,-33.53,-58.22,60.01,1.01
330,Rodrigues Alves,3,BR,1566875010,82,-7.74,-72.65,72.07,2.19
331,Husavik,83,CA,1566875011,81,50.56,-96.99,60.01,10.29
332,Viesca,5,MX,1566875012,24,25.34,-102.81,93.2,12.53
333,Paungde,63,MM,1566875013,82,18.49,95.51,83.59,5.7
334,Mosquera,20,CO,1566875015,62,4.71,-74.23,57.2,5.82
335,Itarema,0,BR,1566875016,83,-2.92,-39.92,75.67,10.4
336,Deputatskiy,100,RU,1566875017,78,69.3,139.9,45.97,5.01
337,Kalmunai,99,LK,1566874945,62,7.42,81.82,80.35,2.13
338,Gat,20,SN,1566874864,94,14.69,-16.54,77.0,2.24
339,Middletown,90,US,1566874857,94,39.52,-84.4,70.0,10.29
340,Boende,87,CD,1566875022,88,-0.28,20.88,69.01,0.92
341,Sao Joao da Barra,46,BR,1566875023,87,-21.64,-41.05,62.35,1.81
342,Phan Thiet,31,VN,1566874973,62,10.93,108.1,87.19,9.13
343,Myitkyina,44,MM,1566875025,79,25.38,97.4,82.69,2.57
344,Botro,75,CI,1566875027,100,7.85,-5.31,71.6,11.41
345,Kilis,0,TR,1566875028,37,36.72,37.12,66.2,4.54
346,Arraial do Cabo,3,BR,1566875029,87,-22.97,-42.02,65.59,15.88
347,Talcahuano,100,CL,1566875030,93,-36.72,-73.12,50.0,4.7
348,Pyapon,100,MM,1566875032,86,16.29,95.68,79.99,13.96
349,Mogadishu,34,SO,1566874977,86,2.04,45.34,72.79,8.81
350,Rypin,0,PL,1566875034,89,53.07,19.41,60.01,8.16
351,Panzhihua,55,CN,1566875035,59,26.59,101.72,81.0,0.13
352,Desaguadero,0,PE,1566875037,77,-16.56,-69.04,34.63,1.88
353,Harper,1,US,1566875038,48,30.3,-99.24,89.01,3.36
354,Villach,75,AT,1566875039,93,46.62,13.85,66.0,2.24
355,Vulturesti,0,RO,1566875041,79,47.52,26.45,64.0,4.32
356,Praia,0,BR,1566875042,63,-20.25,-43.81,62.6,3.36
357,Aksarka,8,RU,1566874869,64,66.56,67.8,42.55,9.62
358,Broome,0,GB,1566875045,93,52.47,1.45,68.0,1.12
359,Katsuura,90,JP,1566875046,88,33.93,134.5,79.0,11.41
360,Cockburn Town,67,TC,1566875047,82,21.46,-71.14,82.33,14.76
361,Uyemskiy,75,RU,1566875049,93,64.47,40.85,50.0,6.71
362,Reading,1,US,1566874921,93,40.34,-75.93,66.2,4.36
363,San Vicente,20,EC,1566875051,88,-0.59,-80.41,69.8,9.17
364,Monopoli,0,IT,1566875052,78,40.95,17.3,78.8,4.7
365,Kampot,40,KH,1566874784,74,10.62,104.18,86.0,5.82
366,Pouembout,97,NC,1566875055,72,-21.12,164.9,71.89,15.1
367,Hambantota,75,LK,1566875056,94,6.12,81.12,78.8,5.82
368,Lagos,20,NG,1566875052,94,6.46,3.39,77.0,4.7
369,Suleja,40,NG,1566875058,83,9.18,7.18,75.2,3.36
370,Mugur-Aksy,51,RU,1566875060,46,50.38,90.44,49.75,7.02
371,Naze,91,NG,1566875061,98,5.43,7.07,71.17,2.04
372,Uaua,2,BR,1566875062,93,-9.84,-39.48,64.15,9.62
373,Iqaluit,75,CA,1566875064,81,63.75,-68.52,48.2,23.04
374,Rio Gallegos,0,AR,1566875065,59,-51.62,-69.22,35.6,18.34
375,Yuncheng,100,CN,1566875066,90,35.03,111.0,69.37,9.84
376,Westport,1,US,1566874890,93,41.14,-73.36,66.0,4.7
377,Surskoye,100,RU,1566875069,82,54.48,46.71,54.07,13.6
378,Opuwo,0,NA,1566875070,64,-18.06,13.84,47.59,1.25
379,Bowen,0,AU,1566875071,53,-20.01,148.25,79.0,11.41
380,Sitka,0,US,1566875072,74,37.17,-99.65,72.0,13.0
381,Rocha,5,UY,1566874886,95,-34.48,-54.34,55.87,3.49
382,Caravelas,74,BR,1566875075,82,-17.73,-39.27,70.99,12.08
383,Saint Johnsbury,1,US,1566875076,82,44.42,-72.02,57.99,3.24
384,Ribeira Grande,39,PT,1566875077,91,38.52,-28.7,72.61,11.43
385,Stutterheim,85,ZA,1566875079,95,-32.57,27.43,44.17,2.13
386,Dunedin,51,NZ,1566874941,33,-45.87,170.5,59.0,10.0
387,Saint-Pierre,0,FR,1566875081,68,48.95,4.24,66.2,5.82
388,Bilibino,100,RU,1566875082,71,68.06,166.44,52.81,4.03
389,Griffith,0,AU,1566875084,47,-34.29,146.06,61.0,8.05
390,Arlit,100,NE,1566875085,57,18.74,7.39,83.05,4.79
391,Japura,36,ID,1566875086,88,-0.42,102.29,80.53,3.27
392,Lambarene,100,GA,1566875087,88,-0.7,10.22,72.43,2.51
393,Burgthann,0,DE,1566875089,100,49.36,11.32,64.99,2.24
394,Kamina,30,CD,1566875090,56,-8.74,25.0,70.09,4.0
395,Vanimo,98,PG,1566875091,73,-2.67,141.3,80.71,7.38
396,Kaputa,0,ZM,1566875092,55,-8.47,29.66,62.71,1.45
397,Goba,68,ET,1566875094,90,7.01,39.97,43.99,3.22
398,Shizunai,0,JP,1566875095,80,42.33,142.37,67.93,12.26
399,Carutapera,0,BR,1566875099,85,-1.2,-46.02,77.29,6.17
400,Verkhnevilyuysk,40,RU,1566875100,46,63.45,120.31,72.79,3.11
401,Ostrovnoy,100,RU,1566875102,85,68.05,39.51,40.75,9.04
402,Tura,6,RU,1566875103,62,64.27,100.22,55.87,13.8
403,Kapuskasing,90,CA,1566875104,72,49.42,-82.43,64.4,9.17
404,Luwuk,94,ID,1566875105,82,-0.95,122.79,67.57,5.73
405,Nurota,0,UZ,1566875107,22,40.56,65.69,69.8,4.7
406,Severnoye,100,RU,1566875108,88,54.09,52.54,49.57,6.98
407,Kangaba,26,ML,1566875109,97,11.94,-8.41,69.73,4.16
408,Taoudenni,0,ML,1566875111,36,22.68,-3.98,91.69,4.56
409,Antalaha,39,MG,1566875112,98,-14.9,50.28,58.03,3.38
410,Meridian,1,US,1566875070,21,43.61,-116.39,82.4,4.7
411,Lavrentiya,100,RU,1566875115,61,65.58,-170.99,61.27,10.22
412,Marseille,0,FR,1566874985,78,43.3,5.37,73.99,5.82
413,Moron,0,HT,1566874984,81,18.56,-74.26,80.89,4.92
414,Charleston,40,US,1566874991,88,32.79,-79.94,77.0,3.29
415,Ust-Tsilma,100,RU,1566875119,93,65.44,52.15,40.75,6.13
416,Belen,1,US,1566875121,16,34.66,-106.78,93.2,4.81
417,Anori,66,BR,1566875122,73,-3.74,-61.66,76.75,0.18
418,Puerto Maldonado,4,PE,1566875123,70,-12.59,-69.19,74.23,2.13
419,Atar,12,MR,1566875124,53,20.52,-13.05,84.13,7.45
420,Pecos,1,US,1566875046,17,31.42,-103.49,100.4,5.82
421,Gamba,0,CN,1566875127,40,28.28,88.52,47.77,4.05
422,Cayenne,0,GF,1566875128,83,4.94,-52.33,78.8,6.04
423,Hofn,100,IS,1566875130,99,64.25,-15.21,37.87,18.66
424,Sakaraha,0,MG,1566875131,73,-22.91,44.53,59.47,1.74
425,Marsala,0,IT,1566875132,88,37.8,12.44,82.0,3.36
426,Kaspiyskiy,0,RU,1566875133,72,45.39,47.37,70.45,7.27
427,Adrar,16,DZ,1566875135,17,27.87,-0.29,91.4,8.05
428,Margate,40,AU,1566875136,41,-43.03,147.26,59.0,23.04
429,Ende,8,ID,1566874851,77,-8.84,121.65,74.95,6.8
430,Tezu,0,IN,1566875139,62,27.93,96.16,86.65,2.93
431,Kisaran,91,ID,1566875140,59,2.98,99.62,86.47,3.91
432,Ouahigouya,44,BF,1566875141,84,13.58,-2.42,74.95,11.32
433,Langfang,0,CN,1566875142,45,39.51,116.7,95.0,8.95
434,Kiunga,86,PG,1566875144,80,-6.12,141.3,79.09,4.43
435,Kpandu,94,GH,1566875145,90,7.0,0.29,72.43,5.17
436,Hualmay,0,PE,1566874852,88,-11.1,-77.61,58.21,13.51
437,Kalakamati,0,BW,1566875147,26,-20.59,27.31,61.63,7.99
438,Waddan,0,LY,1566875149,60,29.16,16.14,72.43,6.17
439,Santa Maria,0,BR,1566874945,59,-16.02,-48.01,66.2,6.93
440,Macusani,44,PE,1566875151,84,-14.07,-70.43,29.77,0.54
441,Homer,75,US,1566875152,93,59.64,-151.54,64.99,9.17
442,Cururupu,0,BR,1566875154,96,-1.82,-44.87,71.89,3.18
443,Constitucion,75,MX,1566875155,33,23.99,-104.67,73.4,5.82
444,Darnah,0,LY,1566875156,86,32.77,22.64,78.73,15.08
445,Bandarbeyla,0,SO,1566875157,67,9.49,50.81,76.03,27.02
446,Launceston,40,AU,1566875159,58,-41.43,147.14,55.4,16.11
447,Tlapacoyan,89,MX,1566875160,95,19.96,-97.21,71.17,3.09
448,Lorengau,68,PG,1566874868,80,-2.02,147.27,82.15,7.94
449,San Patricio,100,PY,1566875163,94,-26.98,-56.83,61.27,4.18
450,Dudinka,75,RU,1566875164,93,69.41,86.18,48.2,8.95
451,Roald,0,NO,1566875165,87,62.58,6.12,61.0,5.82
452,Borisoglebskiy,40,RU,1566875166,93,57.26,39.15,57.2,6.71
453,Yarada,75,IN,1566875168,74,17.65,83.27,86.0,13.87
454,Ewa Beach,1,US,1566875169,52,21.32,-158.01,89.6,9.17
455,Kununurra,15,AU,1566875170,15,-15.77,128.74,89.6,18.34
456,Namatanai,51,PG,1566875172,81,-3.66,152.44,80.35,8.21
457,Khasan,100,RU,1566875173,90,42.43,130.64,70.99,5.99
458,Zhuhai,0,CN,1566875174,42,40.71,112.04,68.0,13.42
459,Papar,75,MY,1566875176,70,5.73,115.93,86.0,10.29
460,Conde,6,BR,1566875177,97,-11.81,-37.61,66.31,2.95
461,Bo Phloi,100,TH,1566875178,78,14.32,99.52,79.27,2.59
462,Kysyl-Syr,10,RU,1566875179,47,63.9,122.77,72.43,1.99
463,Parangan,98,PH,1566875181,74,5.08,119.94,83.77,13.89
464,Kozulka,0,UA,1566875182,63,50.04,23.8,64.4,6.71
465,Tazovskiy,82,RU,1566875183,82,67.47,78.7,42.55,3.87
466,Laguna,20,BZ,1566875185,83,16.17,-88.94,82.4,3.38
467,Timizart,100,DZ,1566875186,79,36.8,4.25,80.53,13.53
468,Contamana,8,PE,1566875187,82,-7.35,-75.01,74.23,2.98
469,Pascagoula,90,US,1566875071,100,30.37,-88.56,81.0,3.09
470,Biltine,100,TD,1566875190,74,14.53,20.93,76.57,9.08
471,Quatre Cocos,75,MU,1566875191,56,-20.21,57.76,71.01,10.29
472,Muravlenko,100,RU,1566875192,76,63.79,74.5,47.05,24.76
473,Alice,100,ZA,1566875193,67,-32.79,26.83,53.17,10.16
474,Kogon,0,UZ,1566875195,45,39.73,64.54,69.8,4.7
475,Darhan,0,MN,1566875196,56,49.49,105.92,59.83,10.4
476,Zaysan,0,KZ,1566875197,17,47.47,84.87,80.35,6.49
477,Ormond Beach,1,US,1566874956,94,29.29,-81.06,80.6,1.39
478,Lincoln,0,GB,1566875140,93,53.23,-0.54,64.4,2.24
479,Diffa,4,NE,1566875201,60,13.32,12.61,80.35,8.3
480,Hoddesdon,12,GB,1566875202,72,51.76,-0.01,68.0,2.24
481,Ihosy,51,MG,1566875203,95,-22.4,46.13,51.91,5.55
482,Storslett,100,NO,1566875204,85,69.77,21.03,52.09,13.73
483,Oranjestad,20,AW,1566875206,83,12.52,-70.03,82.4,20.8
484,Lake Cowichan,5,CA,1566875207,56,48.82,-124.05,71.01,5.82
485,Akdepe,0,TM,1566875208,46,42.05,59.39,69.8,11.41
486,Beihai,40,CN,1566875209,74,38.95,121.19,80.6,8.95
487,Inuvik,90,CA,1566875211,54,68.36,-133.71,57.2,6.93
488,Bell Ville,0,AR,1566875212,94,-32.63,-62.69,60.37,5.39
489,Lasa,0,CY,1566875213,73,34.92,32.53,77.0,8.05
490,Havre-Saint-Pierre,20,CA,1566875215,87,50.23,-63.6,55.4,2.24
491,Markapur,67,IN,1566875216,74,15.74,79.27,76.39,14.36
492,Shebunino,40,RU,1566875217,93,57.66,40.04,57.2,6.71
493,Suluq,0,LY,1566875219,81,31.67,20.25,78.55,11.83
494,Namie,75,JP,1566875220,73,37.52,140.86,84.99,4.7
495,Ingraj Bazar,3,IN,1566875221,67,25.0,88.15,87.55,8.66
496,Bloomfield,1,US,1566875222,100,40.75,-92.42,66.2,4.7
497,Luoyang,100,CN,1566875224,76,34.66,112.42,72.61,2.77
498,Zeya,100,RU,1566875225,56,53.74,127.27,66.31,8.86
499,Sawakin,17,SD,1566875226,41,19.1,37.33,83.59,3.74
500,Santiago,100,PH,1566875190,97,16.69,121.54,70.45,3.42
501,Basco,90,US,1566875229,94,40.33,-91.2,72.0,5.88
502,Macas,82,EC,1566875230,96,-2.3,-78.12,43.63,3.49
503,Varkkallai,75,IN,1566875231,88,8.73,76.71,77.0,4.7
504,Whitehorse,75,CA,1566875232,36,60.72,-135.06,60.8,9.17
505,Palma Soriano,20,CU,1566875233,70,20.21,-75.99,84.2,2.24
506,Avila,40,US,1566875235,88,38.91,-76.61,71.01,8.21
507,Flinders,75,AU,1566875236,67,-34.58,150.85,60.01,8.05
508,Teya,20,MX,1566875237,88,21.05,-89.07,84.99,4.7
509,Payo,43,ID,1566875239,54,-3.75,103.64,83.05,3.53
510,Kloulklubed,90,PW,1566874983,79,7.04,134.26,84.2,11.41
511,Kodinsk,100,RU,1566875241,54,58.6,99.18,62.71,2.21
512,Clyde River,90,CA,1566875086,100,70.47,-68.59,39.2,8.05
513,Carnarvon,0,ZA,1566875243,49,-30.97,22.13,40.75,7.87
514,Adet,91,ET,1566875245,97,11.26,37.49,56.05,4.56
515,Bonito,0,BR,1566875246,96,-1.36,-47.3,70.99,3.94
516,Portland,1,US,1566875081,82,43.66,-70.25,55.99,1.63
517,Amahai,27,ID,1566875248,79,-3.31,129.0,77.29,14.16
518,Sao Miguel do Araguaia,5,BR,1566875250,31,-13.28,-50.16,74.95,5.55
519,Lufilufi,40,WS,1566875251,62,-13.87,-171.6,87.8,10.29
520,Jiayuguan,12,CN,1566875252,33,39.77,98.29,75.49,16.49
521,Sarkand,0,KZ,1566875253,13,45.41,79.91,88.27,2.21
522,Villafranca de los Barros,13,ES,1566875254,78,38.56,-6.34,66.0,4.0
523,Vydrino,3,RU,1566875256,72,51.46,104.64,55.15,1.45
524,Maunabo,20,PR,1566875257,78,18.01,-65.9,82.4,9.17
525,Vanavara,0,RU,1566875258,64,60.35,102.28,58.03,6.04
526,मलिम ६६७,40,NP,1566875259,78,26.88,88.04,82.4,2.24
527,Koroni,0,GR,1566875261,72,36.8,21.96,79.0,2.24
528,Lewiston,1,US,1566875262,82,44.1,-70.21,57.99,1.63
529,Egvekinot,0,RU,1566875263,57,66.32,-179.17,60.55,4.32
530,Alyangula,22,AU,1566875265,32,-13.85,136.42,82.4,14.99
531,Alpena,90,US,1566875266,96,45.06,-83.43,66.2,19.46
532,Pilar,0,AR,1566875267,93,-34.46,-58.91,62.6,5.82
533,Kharp,100,RU,1566875268,95,66.82,65.8,36.61,1.88
534,Meadow Lake,99,CA,1566875270,94,54.13,-108.44,51.73,5.57
535,Dalvik,0,SE,1566875271,93,57.79,14.13,55.99,3.94
536,Sao Felix do Xingu,33,BR,1566875272,54,-6.64,-51.99,74.77,1.32
537,Sabalgarh,66,IN,1566875273,71,26.25,77.41,83.77,5.86
538,Haines Junction,36,CA,1566875275,54,60.75,-137.51,51.91,0.96
539,Umba,34,RU,1566875276,93,66.69,34.34,46.51,2.77
540,Jardim,100,BR,1566875277,66,-21.48,-56.15,68.29,2.42
541,Orocue,98,CO,1566875278,81,4.79,-71.34,76.57,1.95
542,Natal,20,BR,1566875280,88,-5.81,-35.21,73.4,4.7
543,Tipuani,23,BO,1566875281,86,-15.56,-68.02,48.49,3.67
544,Jaciara,100,BR,1566875282,36,-15.95,-54.98,78.91,3.31
545,Clocolan,0,ZA,1566875284,59,-28.91,27.57,38.41,1.01
546,Junqueiropolis,54,BR,1566875285,41,-21.51,-51.43,71.53,9.35
547,Fengcheng,93,CN,1566875286,85,40.45,124.07,71.53,4.65
548,Cabangahan,90,PH,1566875288,78,10.4,123.92,82.4,11.41
549,Boa Vista,0,BR,1566875053,78,2.82,-60.67,80.6,3.36
550,Joensuu,0,FI,1566875290,87,62.6,29.76,52.0,3.36
551,Oktyabrskoye,0,RU,1566875291,68,56.73,85.44,66.99,6.71
552,Jacareacanga,44,BR,1566875293,48,-6.22,-57.76,79.27,1.19
553,Gabu,90,CN,1566875294,67,34.78,103.0,51.73,2.75
554,Barstow,1,US,1566875295,17,31.46,-103.39,100.4,5.82
555,Oranjemund,11,ZA,1566875297,79,-28.55,16.43,55.51,21.59
556,Soe,0,EE,1566875298,93,57.91,26.05,57.99,8.05
557,Vestmannaeyjar,100,IS,1566875299,86,63.44,-20.27,51.37,23.44
558,Chaibasa,75,IN,1566875300,88,22.55,85.81,80.6,2.48
559,Komsomolskiy,100,RU,1566875301,86,67.55,63.78,39.85,7.05
560,Maniitsoq,100,GL,1566875094,64,65.42,-52.9,45.79,5.01
561,Kourou,0,GF,1566875304,83,5.16,-52.64,78.8,3.38
562,Aldan,0,RU,1566875305,50,58.61,125.39,67.75,2.82
563,San Cristobal,0,HN,1566875306,84,14.68,-86.92,68.47,6.17
564,Walvis Bay,0,NA,1566875308,91,-22.95,14.51,54.0,3.0
565,Sungai Besar,75,MY,1566875309,79,3.68,100.99,84.2,3.36
566,Dire Dawa,94,ET,1566875310,73,9.59,41.86,65.23,9.53
567,Tateyama,75,JP,1566875311,65,36.66,137.31,88.0,3.36
568,Kankakee,1,US,1566875290,88,41.12,-87.86,72.0,4.7
569,Canals,40,ES,1566875314,88,38.96,-0.58,73.0,9.17
570,Acapulco,75,MX,1566875315,74,16.86,-99.88,86.0,4.7
571,Bereda,90,ES,1566875316,88,43.27,-7.54,66.2,1.12
572,Hay River,75,CA,1566875318,77,60.82,-115.79,59.0,5.82
573,Ponta Delgada,75,PT,1566875319,83,37.73,-25.67,71.01,3.36
